data,Ibirapuera,Pinheiros,tmin,tmed,tmax,precipitacao
2017-01-18,694.0,728.0,20,22,24,13
2017-01-19,368.0,451.0,20,23,26,"24,6"
2017-01-20,395.0,373.0,19,22,25,"7,5"
2017-01-21,732.0,772.0,18,"20,5",23,"19,8"
2017-01-22,1096.0,1214.0,17,20,23,"6,4"
2017-01-23,1433.0,1503.0,18,22,26,"2,2"
2017-01-24,2093.0,2233.0,20,25,30,"2,7"
2017-01-25,1074.0,1182.0,23,26,29,"0,6"
2017-01-26,1094.0,1147.0,19,"22,5",26,"19,7"
2017-01-27,1157.0,1241.0,20,23,26,5
2017-01-28,2717.0,2794.0,20,25,30,"0,1"
2017-01-29,1263.0,1349.0,22,"27,5",33,0
2017-01-30,1397.0,1440.0,20,"24,5",29,"2,2"
2017-01-31,929.0,938.0,20,25,30,4
2017-02-01,1157.0,1329.0,19,"23,5",28,"12,3"
2017-02-02,1134.0,1217.0,19,"23,5",28,"5,2"
2017-02-03,879.0,917.0,23,26,29,"1,4"
2017-02-04,2508.0,2643.0,20,"23,5",27,"0,5"
2017-02-05,1079.0,1127.0,20,26,32,"2,2"
2017-02-06,1395.0,1583.0,20,"25,5",31,"25,9"
2017-02-07,1547.0,1705.0,19,24,29,"5,7"
2017-02-08,1615.0,1825.0,20,"24,5",29,0
2017-02-09,1363.0,1532.0,19,"23,5",28,0
2017-02-10,1099.0,1199.0,20,25,30,0
2017-02-11,2161.0,2356.0,23,27,31,"0,6"
2017-02-12,1492.0,1620.0,21,26,31,"1,3"
2017-02-13,1637.0,1838.0,22,27,32,0
2017-02-14,1566.0,1735.0,21,"26,5",32,0
2017-02-15,1492.0,1675.0,24,28,32,0
2017-02-16,1311.0,1446.0,21,"26,5",32,0
2017-02-17,633.0,893.0,21,27,33,0
2017-02-18,1755.0,2369.0,21,"27,5",34,0
2017-02-19,1354.0,1560.0,24,29,34,0
2017-02-20,1487.0,1640.0,21,"27,5",34,0
2017-02-21,1268.0,1311.0,20,26,32,0
2017-02-22,1253.0,1544.0,20,"26,5",33,"0,6"
2017-02-23,1017.0,1042.0,21,27,33,"0,1"
2017-02-24,540.0,711.0,18,24,30,50
2017-02-25,1174.0,1412.0,20,"22,5",25,"2,1"
2017-02-26,683.0,941.0,19,"23,5",28,"4,8"
2017-02-27,1475.0,1895.0,20,"24,5",29,"0,3"
2017-02-28,1003.0,1153.0,19,24,29,"0,1"
2017-03-01,1301.0,1406.0,21,26,31,"0,1"
2017-03-02,962.0,1141.0,23,"25,5",28,"12,4"
2017-03-03,722.0,982.0,20,"24,5",29,"1,1"
2017-03-04,1576.0,1972.0,21,25,29,0
2017-03-05,993.0,1095.0,20,"24,5",29,"55,1"
2017-03-06,1236.0,1301.0,20,24,28,"22,3"
2017-03-07,1175.0,1378.0,17,"23,5",30,"30,8"
2017-03-08,702.0,1208.0,19,24,29,"30,6"
2017-03-09,1256.0,1439.0,20,"25,5",31,0
2017-03-10,1156.0,1210.0,22,"26,5",31,"0,6"
2017-03-11,2360.0,2733.0,22,"26,5",31,"0,3"
2017-03-12,1146.0,1257.0,21,"26,5",32,0
2017-03-13,1282.0,1526.0,21,"24,5",28,0
2017-03-14,1740.0,1947.0,20,23,26,"2,2"
2017-03-15,1515.0,1645.0,20,24,28,0
2017-03-16,1109.0,1126.0,19,"24,5",30,0
2017-03-17,536.0,611.0,19,23,27,"1,9"
2017-03-18,1094.0,1212.0,18,"19,5",21,"0,3"
2017-03-19,1263.0,1438.0,17,"18,5",20,1
2017-03-20,1427.0,1657.0,18,21,24,0
2017-03-21,1522.0,1747.0,16,21,26,0
2017-03-22,1377.0,1571.0,17,22,27,0
2017-03-23,1279.0,1537.0,19,23,27,0
2017-03-24,1003.0,1037.0,17,23,29,0
2017-03-25,1975.0,2175.0,19,"23,5",28,0
2017-03-26,1188.0,1333.0,17,22,27,0
2017-03-27,1469.0,1615.0,19,22,25,0
2017-03-28,1464.0,1596.0,19,"22,5",26,"0,1"
2017-03-29,1394.0,1534.0,17,21,25,0
2017-03-30,1300.0,1455.0,17,"21,5",26,0
2017-03-31,927.0,999.0,16,20,24,0
2017-04-01,1760.0,1888.0,17,"20,5",24,0
2017-04-02,1438.0,1541.0,16,21,26,0
2017-04-03,1559.0,1715.0,16,22,28,0
2017-04-04,1444.0,1598.0,18,24,30,0
2017-04-05,590.0,674.0,18,24,30,0
2017-04-06,809.0,909.0,19,23,27,"6,8"
2017-04-07,822.0,923.0,19,21,23,"7,3"
2017-04-08,1818.0,1998.0,20,"23,5",27,0
2017-04-09,1310.0,1457.0,19,"23,5",28,0
2017-04-10,1445.0,1587.0,22,"25,5",29,0
2017-04-11,1006.0,1158.0,21,"25,5",30,0
2017-04-12,980.0,1090.0,17,20,23,"0,2"
2017-04-13,1034.0,1132.0,17,19,21,0
2017-04-14,1143.0,1205.0,17,"20,5",24,0
2017-04-15,1437.0,1553.0,19,"23,5",28,0
2017-04-16,933.0,1085.0,17,23,29,"0,2"
2017-04-17,1258.0,1381.0,18,"21,5",25,0
2017-04-18,1250.0,1434.0,17,20,23,"0,1"
2017-04-19,1213.0,1385.0,15,19,23,0
2017-04-20,922.0,1075.0,16,22,28,0
2017-04-21,694.0,740.0,18,"21,5",25,"12,5"
2017-04-22,1348.0,1511.0,16,19,22,"1,5"
2017-04-23,1292.0,1412.0,16,"18,5",21,0
2017-04-24,1418.0,1560.0,17,22,27,0
2017-04-25,839.0,849.0,18,"23,5",29,0
2017-04-26,954.0,1181.0,17,"19,5",22,"18,1"
2017-04-27,1335.0,1612.0,14,16,18,1
2017-04-28,689.0,755.0,14,"15,5",17,0
2017-04-29,1483.0,1705.0,13,"16,5",20,0
2017-04-30,2036.0,2227.0,15,"18,5",22,0
2017-05-01,1230.0,1417.0,15,20,25,0
2017-05-02,1264.0,1463.0,16,"19,5",23,"0,3"
2017-05-03,1367.0,1542.0,15,20,25,0
2017-05-04,431.0,484.0,15,"20,5",26,"0,1"
2017-05-05,866.0,899.0,15,"18,5",22,"51,2"
2017-05-06,1660.0,1735.0,15,"19,5",24,"3,7"
2017-05-07,1261.0,1492.0,17,20,23,0
2017-05-08,1432.0,1696.0,14,"19,5",25,0
2017-05-09,1299.0,1522.0,15,"20,5",26,0
2017-05-10,1163.0,1315.0,17,"20,5",24,0
2017-05-11,1218.0,1450.0,16,19,22,0
2017-05-12,1070.0,1171.0,14,19,24,0
2017-05-13,802.0,940.0,14,"20,5",27,0
2017-05-14,1276.0,1442.0,20,"22,5",25,"0,4"
2017-05-15,1414.0,1485.0,16,"20,5",25,0
2017-05-16,1215.0,1359.0,15,19,23,0
2017-05-17,920.0,1019.0,15,18,21,"0,1"
2017-05-18,306.0,362.0,16,18,20,"5,4"
2017-05-19,747.0,820.0,16,"16,5",17,"80,3"
2017-05-20,278.0,303.0,18,"20,5",23,"3,3"
2017-05-21,788.0,884.0,17,"24,5",32,"36,7"
2017-05-22,1330.0,1555.0,17,"24,5",32,"4,8"
2017-05-23,1255.0,1363.0,14,"18,5",23,0
2017-05-24,1326.0,1597.0,15,"18,5",22,0
2017-05-25,1273.0,1426.0,16,"21,5",27,0
2017-05-26,831.0,939.0,17,23,29,0
2017-05-27,1562.0,1683.0,18,21,24,"0,1"
2017-05-28,1289.0,1505.0,18,20,22,"0,5"
2017-05-29,1180.0,1277.0,18,22,26,0
2017-05-30,1365.0,1514.0,18,"19,5",21,0
2017-05-31,1084.0,1176.0,17,21,25,0
2017-06-01,1115.0,1337.0,17,19,21,0
2017-06-02,941.0,1050.0,12,"16,5",21,0
2017-06-03,1983.0,2346.0,15,"19,5",24,0
2017-06-04,683.0,596.0,14,21,28,0
2017-06-05,520.0,665.0,18,20,22,"30,3"
2017-06-06,1066.0,1185.0,18,"20,5",23,"53,2"
2017-06-07,1345.0,1444.0,17,22,27,"22,4"
2017-06-08,897.0,1007.0,20,"23,5",27,"2,5"
2017-06-09,885.0,979.0,19,21,23,"0,1"
2017-06-10,1742.0,1860.0,11,15,19,0
2017-06-11,1124.0,1241.0,9,"15,5",22,0
2017-06-12,382.0,404.0,12,17,22,"0,1"
2017-06-13,1051.0,1154.0,14,16,18,37
2017-06-14,1275.0,1268.0,14,"17,5",21,"1,2"
2017-06-15,789.0,875.0,16,"18,5",21,0
2017-06-16,975.0,1016.0,14,19,24,0
2017-06-17,1964.0,1970.0,13,19,25,0
2017-06-18,1171.0,1263.0,14,"19,5",25,0
2017-06-19,839.0,960.0,15,20,25,0
2017-06-20,990.0,1111.0,14,15,16,0
2017-06-21,1159.0,1319.0,14,17,20,0
2017-06-22,1121.0,1246.0,16,19,22,0
2017-06-23,944.0,1097.0,14,"18,5",23,0
2017-06-24,1974.0,2104.0,15,"18,5",22,0
2017-06-25,1257.0,1386.0,15,"18,5",22,0
2017-06-26,1312.0,1493.0,15,"18,5",22,0
2017-06-27,1263.0,1473.0,13,18,23,"0,2"
2017-06-28,1278.0,1482.0,16,"20,5",25,0
2017-06-29,1260.0,1379.0,14,"19,5",25,0
2017-06-30,556.0,607.0,17,"20,5",24,0
2017-07-01,696.0,765.0,15,18,21,0
2017-07-02,1001.0,1083.0,12,"14,5",17,0
2017-07-03,1095.0,1162.0,11,"13,5",16,0
2017-07-04,1050.0,1204.0,9,13,17,0
2017-07-05,1040.0,1233.0,9,14,19,0
2017-07-06,947.0,1062.0,11,16,21,0
2017-07-07,886.0,979.0,12,"16,5",21,0
2017-07-08,1833.0,1929.0,15,"18,5",22,0
2017-07-09,1061.0,1210.0,13,18,23,0
2017-07-10,1357.0,1480.0,13,"18,5",24,0
2017-07-11,1208.0,1351.0,16,"20,5",25,0
2017-07-12,1092.0,1263.0,13,18,23,0
2017-07-13,1092.0,1245.0,15,19,23,0
2017-07-14,971.0,1047.0,13,"18,5",24,0
2017-07-15,1822.0,2002.0,13,"18,5",24,0
2017-07-16,1216.0,1341.0,15,"19,5",24,0
2017-07-17,702.0,788.0,14,20,26,0
2017-07-18,716.0,838.0,8,13,18,0
2017-07-19,1001.0,1104.0,8,11,14,0
2017-07-20,1023.0,1163.0,13,18,23,0
2017-07-21,927.0,1025.0,12,"18,5",25,0
2017-07-22,1894.0,2119.0,13,18,23,0
2017-07-23,1217.0,1341.0,14,20,26,0
2017-07-24,1327.0,1511.0,12,"18,5",25,0
2017-07-25,1349.0,1492.0,16,21,26,0
2017-07-26,1184.0,1354.0,13,19,25,0
2017-07-27,1085.0,1254.0,13,"18,5",24,0
2017-07-28,1025.0,1149.0,13,"17,5",22,0
2017-07-29,2115.0,2278.0,12,"17,5",23,0
2017-07-30,1230.0,1375.0,16,20,24,0
2017-07-31,1308.0,1554.0,15,19,23,0
2017-08-01,1329.0,1484.0,12,"16,5",21,0
2017-08-02,1061.0,1248.0,15,20,25,0
2017-08-03,886.0,1007.0,17,19,21,"3,4"
2017-08-04,563.0,619.0,13,"15,5",18,0
2017-08-05,1799.0,1901.0,13,15,17,0
2017-08-06,1337.0,1482.0,11,"15,5",20,0
2017-08-07,1517.0,1666.0,15,"20,5",26,0
2017-08-08,1480.0,1728.0,18,23,28,0
2017-08-09,1260.0,1366.0,20,"24,5",29,0
2017-08-10,1276.0,1386.0,15,18,21,0
2017-08-11,930.0,1076.0,12,"17,5",23,0
2017-08-12,1400.0,1473.0,17,"20,5",24,0
2017-08-13,1402.0,1519.0,14,22,30,"0,6"
2017-08-14,828.0,907.0,16,21,26,"8,9"
2017-08-15,777.0,913.0,14,15,16,"17,8"
2017-08-16,588.0,695.0,15,16,17,"27,3"
2017-08-17,741.0,855.0,15,"15,5",16,"61,8"
2017-08-18,196.0,208.0,15,16,17,"49,1"
2017-08-19,512.0,496.0,16,17,18,"3,3"
2017-08-20,661.0,750.0,15,"17,5",20,37
2017-08-21,1081.0,1202.0,11,"13,5",16,"0,5"
2017-08-22,1263.0,1420.0,11,"14,5",18,0
2017-08-23,1309.0,1505.0,13,"17,5",22,0
2017-08-24,1255.0,1431.0,14,"18,5",23,0
2017-08-25,1075.0,1146.0,15,20,25,0
2017-08-26,2126.0,2287.0,17,22,27,0
2017-08-27,1479.0,1624.0,14,21,28,0
2017-08-28,1531.0,1775.0,14,"20,5",27,0
2017-08-29,1556.0,1776.0,12,"20,5",29,0
2017-08-30,1157.0,1219.0,15,23,31,0
2017-08-31,1267.0,1363.0,15,20,25,0
2017-09-01,1042.0,1128.0,15,"19,5",24,0
2017-09-02,2190.0,2472.0,15,20,25,0
2017-09-03,1442.0,1610.0,13,20,27,0
2017-09-04,1466.0,1674.0,19,"23,5",28,0
2017-09-05,1377.0,1608.0,14,"21,5",29,0
2017-09-06,1774.0,1925.0,15,21,27,0
2017-09-07,891.0,991.0,14,21,28,0
2017-09-08,902.0,975.0,15,"22,5",30,0
2017-09-09,1840.0,2041.0,17,"23,5",30,0
2017-09-10,1492.0,1610.0,17,"23,5",30,0
2017-09-11,1545.0,1721.0,18,25,32,0
2017-09-12,1521.0,1674.0,19,25,31,0
2017-09-13,1523.0,1662.0,16,"23,5",31,0
2017-09-14,1404.0,1578.0,19,"25,5",32,0
2017-09-15,1090.0,1203.0,20,"26,5",33,0
2017-09-16,2062.0,2325.0,17,"24,5",32,0
2017-09-17,1470.0,1548.0,18,25,32,0
2017-09-18,1564.0,1689.0,18,24,30,0
2017-09-19,1521.0,1723.0,17,22,27,0
2017-09-20,1501.0,1629.0,15,"21,5",28,0
2017-09-21,1410.0,1568.0,16,23,30,0
2017-09-22,1063.0,1162.0,21,"25,5",30,"0,3"
2017-09-23,1729.0,1964.0,18,"24,5",31,0
2017-09-24,1426.0,1566.0,18,"21,5",25,0
2017-09-25,1597.0,1713.0,17,"21,5",26,0
2017-09-26,1581.0,1705.0,15,"21,5",28,0
2017-09-27,1335.0,1369.0,16,"23,5",31,0
2017-09-28,1037.0,1116.0,17,21,25,0
2017-09-29,364.0,452.0,16,19,22,2
2017-09-30,1800.0,1877.0,16,19,22,"55,9"
2017-10-01,1042.0,1240.0,16,"21,5",27,15
2017-10-02,1051.0,1228.0,17,20,23,"3,1"
2017-10-03,1552.0,1739.0,15,19,23,"4,4"
2017-10-04,1553.0,1721.0,14,19,24,"0,7"
2017-10-05,1391.0,1543.0,14,23,32,0
2017-10-06,214.0,223.0,22,"27,5",33,"36,2"
2017-10-07,1332.0,1471.0,18,22,26,"34,5"
2017-10-08,1548.0,1676.0,17,"21,5",26,"2,5"
2017-10-09,1418.0,1516.0,18,"24,5",31,0
2017-10-10,1353.0,1508.0,20,27,34,"0,1"
2017-10-11,1472.0,1584.0,19,27,35,"3,7"
2017-10-12,835.0,921.0,20,"27,5",35,0
2017-10-13,796.0,838.0,23,"28,5",34,"6,9"
2017-10-14,888.0,992.0,19,"25,5",32,1
2017-10-15,1259.0,1379.0,16,18,20,"0,7"
2017-10-16,1477.0,1637.0,15,"19,5",24,0
2017-10-17,1575.0,1704.0,17,23,29,0
2017-10-18,1536.0,1784.0,22,27,32,0
2017-10-19,1326.0,1388.0,20,26,32,0
2017-10-20,838.0,958.0,19,"22,5",26,"0,2"
2017-10-21,566.0,633.0,18,22,26,33
2017-10-22,925.0,1116.0,19,21,23,"41,8"
2017-10-23,1272.0,1426.0,14,"16,5",19,"2,2"
2017-10-24,1410.0,1551.0,14,"17,5",21,0
2017-10-25,958.0,1095.0,16,23,30,"5,7"
2017-10-26,902.0,1012.0,18,22,26,"71,1"
2017-10-27,967.0,1081.0,18,"21,5",25,"15,1"
2017-10-28,1456.0,1522.0,18,23,28,"2,6"
2017-10-29,1169.0,1227.0,20,"22,5",25,"8,8"
2017-10-30,1320.0,1425.0,18,"20,5",23,"2,4"
2017-10-31,1407.0,1546.0,17,20,23,0
2017-11-01,1925.0,2092.0,15,"18,5",22,0
2017-11-02,1086.0,1161.0,14,20,26,0
2017-11-03,926.0,953.0,15,23,31,0
2017-11-04,782.0,802.0,21,25,29,"30,4"
2017-11-05,981.0,1145.0,17,"19,5",22,"3,4"
2017-11-06,1461.0,1668.0,15,17,19,0
2017-11-07,1386.0,1535.0,15,"19,5",24,0
2017-11-08,1182.0,1300.0,16,21,26,"0,1"
2017-11-09,1356.0,1481.0,17,22,27,"6,8"
2017-11-10,695.0,692.0,18,24,30,12
2017-11-11,2312.0,2392.0,17,19,21,"11,2"
2017-11-12,1518.0,1719.0,13,"20,5",28,0
2017-11-13,1614.0,1835.0,17,22,27,0
2017-11-14,2092.0,2285.0,13,"20,5",28,0
2017-11-16,889.0,992.0,21,"26,5",32,"63,8"
2017-11-17,847.0,984.0,19,24,29,"36,2"
2017-11-18,987.0,1048.0,18,24,30,"27,8"
2017-11-19,888.0,1049.0,19,23,27,"2,5"
2017-11-20,1096.0,1236.0,19,"20,5",22,0
2017-11-21,1096.0,1224.0,18,24,30,"12,4"
2017-11-22,1397.0,1514.0,17,"20,5",24,"3,9"
2017-11-23,1402.0,1561.0,15,"18,5",22,0
2017-11-24,1178.0,1252.0,20,25,30,0
2017-11-25,1620.0,1669.0,18,25,32,0
2017-11-26,766.0,928.0,20,23,26,"6,9"
2017-11-27,1530.0,1594.0,19,23,27,"46,1"
2017-11-28,1641.0,1796.0,19,22,25,0
2017-11-29,1416.0,1602.0,17,"21,5",26,0
2017-11-30,1289.0,1414.0,16,20,24,"2,63"
2017-12-01,833.0,896.0,18,"21,5",25,"1,53"
2017-12-02,1800.0,1857.0,19,"21,5",24,0
2017-12-03,1488.0,1645.0,18,23,28,0
2017-12-04,1686.0,1873.0,21,26,31,0
2017-12-05,1580.0,1777.0,20,24,28,"0,78"
2017-12-06,1326.0,1455.0,20,25,30,0
2017-12-07,1150.0,1290.0,19,23,27,"3,65"
2017-12-08,958.0,1046.0,20,"24,5",29,"0,53"
2017-12-09,1882.0,2157.0,19,"23,5",28,0
2017-12-10,1336.0,1530.0,17,24,31,0
2017-12-11,1463.0,1579.0,19,25,31,0
2017-12-12,1521.0,1670.0,17,19,21,0
2017-12-13,1538.0,1758.0,17,22,27,0
2017-12-14,1398.0,1591.0,21,"26,5",32,0
2017-12-15,849.0,908.0,21,"26,5",32,"0,85"
2017-12-16,1760.0,1912.0,20,26,32,"0,03"
2017-12-17,1365.0,1434.0,21,27,33,"0,08"
2017-12-18,1435.0,1600.0,19,"24,5",30,"6,05"
2017-12-19,1202.0,1297.0,20,"25,5",31,"0,03"
2017-12-20,542.0,654.0,19,25,31,"48,03"
2017-12-21,764.0,932.0,18,"19,5",21,"35,68"
2017-12-22,820.0,926.0,19,21,23,"4,68"
2017-12-23,1045.0,1150.0,20,24,28,"6,13"
2017-12-24,443.0,501.0,21,"24,5",28,"6,98"
2017-12-25,679.0,796.0,19,24,29,"5,3"
2017-12-26,859.0,991.0,20,"24,5",29,"0,93"
2017-12-27,498.0,565.0,22,26,30,"0,68"
2017-12-28,336.0,348.0,22,24,26,"4,85"
2017-12-29,381.0,419.0,21,"22,5",24,"12,88"
2017-12-30,415.0,485.0,19,"21,5",24,"24,95"
2017-12-31,645.0,742.0,20,"22,5",25,"9,33"
2018-01-01,747.0,828.0,20,"24,5",29,"0,25"
2018-01-02,611.0,658.0,22,25,28,"1,13"
2018-01-03,1241.0,1373.0,20,23,26,"2,75"
2018-01-04,1060.0,1218.0,19,24,29,0
2018-01-05,943.0,985.0,18,24,30,"0,2"
2018-01-06,486.0,463.0,20,24,28,"1,75"
2018-01-07,357.0,379.0,16,18,20,"13,68"
2018-01-08,942.0,1085.0,18,"19,5",21,"10,73"
2018-01-09,1279.0,1396.0,18,22,26,12
2018-01-10,1257.0,1348.0,20,"24,5",29,"11,75"
2018-01-11,1177.0,1344.0,21,"25,5",30,"7,28"
2018-01-12,682.0,736.0,19,"21,5",24,"4,98"
2018-01-13,1946.0,2172.0,19,23,27,"5,65"
2018-01-14,1381.0,1569.0,19,"24,5",30,"17,75"
2018-01-15,1402.0,1526.0,24,27,30,"1,33"
2018-01-16,1457.0,1638.0,20,"24,5",29,"7,3"
2018-01-17,1507.0,1800.0,21,26,31,"14,38"
2018-01-18,1235.0,1432.0,22,27,32,"6,78"
2018-01-19,1022.0,1089.0,21,25,29,"8,28"
2018-01-20,2033.0,2320.0,20,"24,5",29,"3,78"
2018-01-21,1338.0,1493.0,20,"25,5",31,"3,18"
2018-01-22,1436.0,1650.0,21,"26,5",32,"9,98"
2018-01-23,1391.0,1561.0,22,27,32,"27,15"
2018-01-24,1623.0,1801.0,20,27,34,"8,55"
2018-01-25,755.0,843.0,22,26,30,"1,53"
2018-01-26,866.0,938.0,20,"22,5",25,"0,3"
2018-01-27,2185.0,2312.0,20,"22,5",25,0
2018-01-28,1210.0,1320.0,20,"25,5",31,"2,55"
2018-01-29,896.0,1012.0,20,"23,5",27,"24,4"
2018-01-30,1607.0,1804.0,18,"19,5",21,"2,85"
2018-01-31,1722.0,1896.0,19,"22,5",26,0
2018-02-01,1530.0,1734.0,18,"22,5",27,0
2018-02-02,559.0,701.0,19,"23,5",28,0
2018-02-03,1248.0,1593.0,19,"22,5",26,0
2018-02-04,1556.0,1732.0,17,"21,5",26,"0,18"
2018-02-05,1626.0,1814.0,18,22,26,"0,03"
2018-02-06,1846.0,2015.0,18,21,24,"0,53"
2018-02-07,1739.0,1970.0,19,24,29,0
2018-02-08,1625.0,1821.0,17,"23,5",30,"4,83"
2018-02-09,416.0,521.0,19,26,33,0
2018-02-10,934.0,1339.0,19,"24,5",30,"9,3"
2018-02-11,625.0,850.0,20,"25,5",31,"7,18"
2018-02-12,526.0,686.0,23,"27,5",32,0
2018-02-13,704.0,683.0,18,21,24,"4,33"
2018-02-14,1187.0,1351.0,19,"20,5",22,"15,23"
2018-02-15,1366.0,1498.0,18,21,24,"0,53"
2018-02-16,675.0,889.0,18,"21,5",25,0
2018-02-17,1311.0,1752.0,18,"22,5",27,"0,13"
2018-02-18,1703.0,1915.0,20,22,24,"7,03"
2018-02-19,1717.0,1959.0,18,"22,5",27,"1,18"
2018-02-20,1877.0,2166.0,20,24,28,"9,38"
2018-02-21,1724.0,1844.0,21,"25,5",30,"2,13"
2018-02-22,1690.0,1939.0,21,"25,5",30,"0,23"
2018-02-23,1284.0,1294.0,19,"23,5",28,0
2018-02-24,2255.0,2397.0,19,"23,5",28,0
2018-02-25,1394.0,1241.0,18,"22,5",27,0
2018-02-26,1673.0,1988.0,20,24,28,"14,53"
2018-02-27,1984.0,2161.0,19,24,29,"0,23"
2018-02-28,1847.0,2040.0,19,25,31,0
2018-03-01,1580.0,1689.0,21,26,31,"0,48"
2018-03-02,1010.0,1171.0,22,"26,5",31,"23,68"
2018-03-03,2130.0,2306.0,22,26,30,"2,85"
2018-03-04,1784.0,2041.0,22,26,30,"1,75"
2018-03-05,1789.0,1892.0,21,26,31,"2,4"
2018-03-06,1710.0,1836.0,21,26,31,"8,1"
2018-03-07,1487.0,1740.0,21,25,29,"3,3"
2018-03-08,1775.0,1975.0,21,"24,5",28,"0,1"
2018-03-09,1057.0,1125.0,20,"23,5",27,0
2018-03-10,2384.0,2542.0,20,24,28,"0,13"
2018-03-11,1765.0,1927.0,20,25,30,0
2018-03-12,1828.0,2069.0,21,25,29,"1,85"
2018-03-13,1836.0,1869.0,21,"25,5",30,"0,03"
2018-03-14,1935.0,2219.0,23,"26,5",30,"44,63"
2018-03-15,1796.0,2080.0,24,"27,5",31,"22,13"
2018-03-16,1089.0,1214.0,23,"26,5",30,"0,88"
2018-03-17,2255.0,2423.0,21,26,31,0
2018-03-18,1987.0,2071.0,20,25,30,0
2018-03-19,1650.0,1550.0,21,"26,5",32,"10,95"
2018-03-20,1651.0,1944.0,21,25,29,"21,9"
2018-03-21,1863.0,2002.0,22,26,30,"13,4"
2018-03-22,1801.0,2052.0,21,24,27,"0,03"
2018-03-23,1180.0,1356.0,20,25,30,0
2018-03-24,2175.0,2436.0,21,26,31,"2,23"
2018-03-25,1762.0,1927.0,21,26,31,0
2018-03-26,1653.0,1562.0,21,"25,5",30,"4,38"
2018-03-27,1497.0,1547.0,22,"24,5",27,"14,9"
2018-03-28,1511.0,1628.0,18,"23,5",29,"9,5"
2018-03-29,1160.0,1297.0,20,25,30,"8,4"
2018-03-30,904.0,962.0,20,24,28,"20,05"
2018-03-31,1400.0,1710.0,20,"24,5",29,"15,58"
2018-04-01,1809.0,2035.0,21,"24,5",28,"0,73"
2018-04-02,1919.0,2000.0,22,"25,5",29,"6,78"
2018-04-03,1977.0,2215.0,21,"23,5",26,"2,5"
2018-04-04,2042.0,2242.0,20,"23,5",27,0
2018-04-05,1900.0,2017.0,19,"23,5",28,0
2018-04-06,1110.0,1226.0,18,23,28,0
2018-04-07,1878.0,2066.0,19,23,27,0
2018-04-08,2009.0,2147.0,19,24,29,0
2018-04-09,2288.0,2324.0,19,"23,5",28,0
2018-04-10,2225.0,2320.0,19,24,29,0
2018-04-11,2185.0,2267.0,18,"23,5",29,0
2018-04-12,2018.0,2105.0,18,"23,5",29,0
2018-04-13,1140.0,1223.0,18,"24,5",31,0
2018-04-14,367.0,392.0,19,"23,5",28,"5,75"
2018-04-15,1744.0,1690.0,19,22,25,"20,05"
2018-04-16,2214.0,2225.0,18,"20,5",23,"0,33"
2018-04-17,1120.0,1920.0,16,"19,5",23,0
2018-04-18,2215.0,2310.0,15,21,27,0
2018-04-19,1993.0,2097.0,14,20,26,0
2018-04-20,1389.0,1470.0,13,20,27,0
2018-04-21,2086.0,2268.0,15,"20,5",26,0
2018-04-22,2058.0,2170.0,15,"20,5",26,0
2018-04-23,2153.0,2480.0,18,"22,5",27,0
2018-04-24,2223.0,2438.0,17,22,27,0
2018-04-25,2155.0,2353.0,18,"23,5",29,0
2018-04-26,1937.0,2181.0,17,23,29,0
2018-04-27,1157.0,1160.0,19,24,29,"0,03"
2018-04-28,1912.0,2008.0,19,24,29,0
2018-04-29,1417.0,1451.0,18,23,28,0
2018-04-30,2429.0,2621.0,17,"22,5",28,0
2018-05-01,2107.0,2392.0,19,"23,5",28,0
2018-05-02,2224.0,2407.0,19,23,27,0
2018-05-03,2113.0,2344.0,19,24,29,0
2018-05-04,1179.0,1358.0,19,"24,5",30,0
2018-05-05,2327.0,2679.0,18,24,30,0
2018-05-06,2099.0,2257.0,17,22,27,0
2018-05-07,2242.0,2301.0,16,"20,5",25,0
2018-05-08,2211.0,2400.0,18,21,24,"0,88"
2018-05-09,2137.0,2345.0,18,22,26,0
2018-05-10,2128.0,2380.0,16,"21,5",27,0
2018-05-11,1013.0,1095.0,16,22,28,"0,3"
2018-05-12,1277.0,1302.0,19,"22,5",26,"0,3"
2018-05-13,2029.0,2359.0,17,"20,5",24,0
2018-05-14,2443.0,2601.0,17,"21,5",26,0
2018-05-15,2329.0,2503.0,16,21,26,"0,35"
2018-05-16,2403.0,2564.0,17,21,25,"0,83"
2018-05-17,2242.0,2433.0,18,"21,5",25,0
2018-05-18,681.0,666.0,18,23,28,"0,18"
2018-05-19,1481.0,1763.0,16,21,26,"18,68"
2018-05-20,2067.0,2229.0,8,14,20,0
2018-05-21,2296.0,2479.0,9,14,19,0
2018-05-22,2231.0,2447.0,12,18,24,0
2018-05-23,2367.0,2702.0,14,19,24,0
2018-05-24,2553.0,2763.0,13,"18,5",24,0
2018-05-25,1579.0,1770.0,16,19,22,"1,93"
2018-05-26,2795.0,3209.0,15,"19,5",24,0
2018-05-27,3301.0,3469.0,15,20,25,0
2018-05-28,3643.0,3948.0,13,18,23,0
2018-05-29,3067.0,3377.0,13,"18,5",24,0
2018-05-30,2805.0,3167.0,14,19,24,0
2018-05-31,1863.0,2096.0,15,"20,5",26,0
2018-06-01,1387.0,1466.0,16,"21,5",27,0
2018-06-02,666.0,707.0,19,"23,5",28,"3,33"
2018-06-03,2049.0,2272.0,16,18,20,"3,65"
2018-06-04,2170.0,2415.0,14,17,20,"9,28"
2018-06-05,2294.0,2545.0,13,"16,5",20,"18,15"
2018-06-06,1755.0,1987.0,14,17,20,"0,53"
2018-06-07,2107.0,2379.0,14,"18,5",23,"85,33"
2018-06-08,995.0,1082.0,13,17,21,"5,3"
2018-06-09,1844.0,1989.0,13,19,25,"0,18"
2018-06-10,2564.0,2791.0,16,22,28,"1,88"
2018-06-11,2649.0,2749.0,14,"20,5",27,"0,03"
2018-06-12,2307.0,2263.0,19,24,29,"13,95"
2018-06-13,1976.0,2029.0,20,23,26,"60,23"
2018-06-14,1991.0,2089.0,14,16,18,"0,1"
2018-06-15,645.0,721.0,15,"17,5",20,"0,25"
2018-06-16,761.0,893.0,13,15,17,"0,55"
2018-06-17,2112.0,2469.0,13,16,19,0
2018-06-18,2546.0,2784.0,13,"16,5",20,0
2018-06-19,2586.0,2844.0,15,"19,5",24,0
2018-06-20,2477.0,2743.0,16,21,26,0
2018-06-21,2062.0,2317.0,14,20,26,0
2018-06-22,1163.0,1266.0,14,"19,5",25,0
2018-06-23,2155.0,2265.0,15,21,27,0
2018-06-24,2385.0,2716.0,13,"20,5",28,0
2018-06-25,2716.0,2957.0,17,"22,5",28,0
2018-06-26,2589.0,2904.0,16,22,28,0
2018-06-27,2432.0,2649.0,17,22,27,0
2018-06-28,2360.0,2637.0,18,"21,5",25,"1,38"
2018-06-29,997.0,1123.0,17,22,27,0
2018-06-30,2005.0,2192.0,15,20,25,0
2018-07-01,2262.0,2481.0,14,"19,5",25,0
2018-07-02,2541.0,2622.0,15,21,27,0
2018-07-03,2489.0,2627.0,17,21,25,"0,13"
2018-07-04,2448.0,2652.0,16,"20,5",25,0
2018-07-05,2168.0,2624.0,17,22,27,0
2018-07-06,999.0,1095.0,18,"22,5",27,0
2018-07-07,2373.0,2602.0,14,21,28,"2,33"
2018-07-08,1884.0,2056.0,13,20,27,0
2018-07-09,1826.0,2080.0,12,16,20,0
2018-07-10,1886.0,1945.0,11,13,15,0
2018-07-11,1997.0,2153.0,8,"12,5",17,0
2018-07-12,1926.0,2102.0,8,13,18,0
2018-07-13,1252.0,1387.0,10,15,20,0
2018-07-14,1861.0,1971.0,11,"18,5",26,0
2018-07-15,2328.0,2657.0,15,"21,5",28,0
2018-07-16,2637.0,2907.0,14,"21,5",29,0
2018-07-17,2616.0,2816.0,13,21,29,0
2018-07-18,2508.0,2773.0,14,21,28,0
2018-07-19,2318.0,2605.0,14,"21,5",29,0
2018-07-20,1273.0,1356.0,15,"22,5",30,0
2018-07-21,1542.0,1628.0,14,"20,5",27,"1,5"
2018-07-22,2504.0,2729.0,15,18,21,"0,88"
2018-07-23,2579.0,2575.0,17,"21,5",26,"0,3"
2018-07-24,2529.0,2602.0,15,19,23,0
2018-07-25,2492.0,2711.0,16,"19,5",23,0
2018-07-26,2525.0,2717.0,16,"21,5",27,0
2018-07-27,1569.0,1668.0,15,21,27,0
2018-07-28,2398.0,2659.0,13,21,29,0
2018-07-29,2381.0,2492.0,15,23,31,"0,3"
2018-07-30,1415.0,1809.0,17,"21,5",26,"8,03"
2018-07-31,1594.0,1595.0,16,"17,5",19,"66,95"
2018-08-01,2103.0,2426.0,13,16,19,"6,03"
2018-08-02,1173.0,1066.0,13,"14,5",16,2
2018-08-03,1058.0,1113.0,15,16,17,"111,5"
2018-08-04,1265.0,1272.0,15,18,21,"9,78"
2018-08-05,1144.0,1380.0,16,18,20,"5,7"
2018-08-06,2364.0,2731.0,13,"14,5",16,"42,33"
2018-08-07,2848.0,3009.0,14,16,18,"0,93"
2018-08-08,2606.0,2841.0,12,18,24,0
2018-08-09,2692.0,3011.0,16,"21,5",27,"20,68"
2018-08-10,1410.0,1530.0,11,16,21,0
2018-08-11,1316.0,1363.0,11,16,21,0
2018-08-12,2527.0,2882.0,11,"15,5",20,0
2018-08-13,3014.0,3392.0,11,"15,5",20,0
2018-08-14,2813.0,2972.0,13,"18,5",24,0
2018-08-15,2382.0,2591.0,13,"16,5",20,"4,23"
2018-08-16,2528.0,2754.0,13,16,19,"0,8"
2018-08-17,1387.0,1563.0,16,17,18,"1,73"
2018-08-18,2627.0,2719.0,15,19,23,0
2018-08-19,3078.0,3573.0,14,"19,5",25,0
2018-08-20,3345.0,3692.0,14,20,26,0
2018-08-21,3141.0,3305.0,14,"20,5",27,0
2018-08-22,3159.0,3509.0,14,19,24,"3,33"
2018-08-23,3111.0,3373.0,14,21,28,"0,4"
2018-08-24,1190.0,1259.0,17,24,31,"4,58"
2018-08-25,892.0,966.0,17,"19,5",22,25
2018-08-26,2524.0,2872.0,13,14,15,0
2018-08-27,3166.0,3516.0,11,14,17,0
2018-08-28,3471.0,3582.0,13,18,23,0
2018-08-29,3377.0,3728.0,13,"19,5",26,0
2018-08-30,3256.0,3624.0,14,21,28,0
2018-08-31,1708.0,1678.0,15,"22,5",30,0
2018-09-01,2694.0,2746.0,16,"23,5",31,"1,58"
2018-09-02,2875.0,2961.0,20,26,32,0
2018-09-03,2510.0,2492.0,17,20,23,"0,68"
2018-09-04,2818.0,3100.0,13,16,19,0
2018-09-05,3150.0,3381.0,12,"14,5",17,0
2018-09-06,2165.0,2406.0,10,"15,5",21,0
2018-09-07,1474.0,1515.0,8,"16,5",25,0
2018-09-08,2259.0,2277.0,12,19,26,0
2018-09-09,2890.0,3317.0,13,18,23,0
2018-09-10,3460.0,3620.0,12,"18,5",25,0
2018-09-11,3291.0,3548.0,14,19,24,0
2018-09-12,3303.0,3530.0,16,"20,5",25,0
2018-09-13,1533.0,1538.0,15,20,25,0
2018-09-14,1142.0,1152.0,18,"22,5",27,"44,53"
2018-09-15,2256.0,2393.0,17,19,21,"0,18"
2018-09-16,1847.0,2454.0,16,"18,5",21,0
2018-09-17,3585.0,3916.0,16,"18,5",21,"11,73"
2018-09-18,3777.0,4197.0,19,"22,5",26,"0,03"
2018-09-19,2860.0,2738.0,19,"23,5",28,"0,58"
2018-09-20,3180.0,3396.0,21,"24,5",28,"47,85"
2018-09-21,1875.0,1987.0,19,23,27,"5,03"
2018-09-22,2941.0,2962.0,18,"21,5",25,0
2018-09-23,3353.0,3742.0,17,23,29,0
2018-09-24,3773.0,4112.0,19,"26,5",34,0
2018-09-25,3484.0,3707.0,17,24,31,0
2018-09-26,3163.0,3293.0,17,"23,5",30,"1,28"
2018-09-27,3061.0,3140.0,18,"24,5",31,"4,58"
2018-09-28,1467.0,1778.0,19,22,25,"0,75"
2018-09-29,1943.0,2228.0,18,"21,5",25,0
2018-09-30,2592.0,3088.0,20,22,24,"17,4"
2018-10-01,3668.0,3999.0,19,"22,5",26,"3,35"
2018-10-02,3381.0,3277.0,18,23,28,"1,58"
2018-10-03,3534.0,3590.0,19,"25,5",32,"15,18"
2018-10-04,3053.0,3241.0,19,"21,5",24,0
2018-10-05,979.0,1021.0,15,"17,5",20,0
2018-10-06,873.0,930.0,14,16,18,"0,93"
2018-10-07,2128.0,2455.0,15,"17,5",20,"3,58"
2018-10-08,3311.0,3683.0,18,22,26,"17,7"
2018-10-09,2686.0,3116.0,16,21,26,"6,78"
2018-10-10,2398.0,2503.0,21,"25,5",30,"3,5"
2018-10-11,1998.0,2159.0,19,"20,5",22,"0,05"
2018-10-12,1371.0,1465.0,19,"22,5",26,0
2018-10-13,1550.0,1754.0,19,25,31,"19,73"
2018-10-14,2103.0,2611.0,18,"19,5",21,1
2018-10-15,3187.0,3538.0,17,"20,5",24,"10,78"
2018-10-16,3188.0,3272.0,19,"22,5",26,0
2018-10-17,3099.0,3283.0,20,"24,5",29,"15,75"
2018-10-18,2809.0,2683.0,20,24,28,"18,73"
2018-10-19,1590.0,1679.0,16,19,22,"3,63"
2018-10-20,2105.0,2304.0,16,"18,5",21,0
2018-10-21,3207.0,3489.0,14,"18,5",23,0
2018-10-22,3662.0,3600.0,15,"22,5",30,0
2018-10-23,1723.0,2281.0,18,24,30,0
2018-10-24,1872.0,2361.0,19,20,21,"11,83"
2018-10-25,2942.0,3194.0,18,19,20,"4,75"
2018-10-26,1180.0,1246.0,18,"20,5",23,5
2018-10-27,1338.0,1447.0,19,"21,5",24,"1,35"
2018-10-28,3158.0,3344.0,16,"17,5",19,0
2018-10-29,3708.0,3836.0,14,"17,5",21,0
2018-10-30,3197.0,2881.0,16,21,26,0
2018-10-31,3293.0,3691.0,19,"25,5",32,"12,9"
2018-11-01,2304.0,2480.0,18,22,26,11
2018-11-02,1710.0,1863.0,17,20,23,0
2018-11-03,1623.0,1782.0,19,25,31,9
2018-11-04,3044.0,3262.0,19,"21,5",24,"0,08"
2018-11-05,3488.0,3575.0,17,"18,5",20,"0,1"
2018-11-06,3178.0,3312.0,15,19,23,4
2018-11-07,2898.0,3118.0,18,"19,5",21,"0,45"
2018-11-08,3226.0,3387.0,17,19,21,"0,73"
2018-11-09,1366.0,1413.0,17,20,23,0
2018-11-10,2576.0,2805.0,17,22,27,0
2018-11-11,3311.0,3625.0,19,"23,5",28,0
2018-11-12,3581.0,3870.0,19,24,29,0
2018-11-13,3444.0,3706.0,20,26,32,0
2018-11-14,1738.0,1889.0,22,28,34,"0,63"
2018-11-15,2117.0,2323.0,18,23,28,"0,48"
2018-11-16,1915.0,2085.0,19,"22,5",26,0
2018-11-17,2097.0,2231.0,17,"22,5",28,0
2018-11-18,549.0,585.0,20,25,30,"10,93"
2018-11-19,1696.0,1822.0,16,"19,5",23,"26,75"
2018-11-20,3276.0,3875.0,17,"19,5",22,"0,05"
2018-11-21,3753.0,4301.0,18,"21,5",25,0
2018-11-22,3623.0,4085.0,17,22,27,"3,08"
2018-11-23,1408.0,1582.0,18,23,28,"15,13"
2018-11-24,1647.0,1772.0,21,"23,5",26,"23,4"
2018-11-25,3526.0,4199.0,21,"24,5",28,"3,05"
2018-11-26,3968.0,4616.0,18,"21,5",25,0
2018-11-27,3986.0,4558.0,15,19,23,0
2018-11-28,3715.0,3873.0,18,"22,5",27,"0,2"
2018-11-29,3399.0,3642.0,19,"24,5",30,6
2018-11-30,1352.0,1531.0,18,24,30,"23,65"
2018-12-01,2579.0,2639.0,22,"24,5",27,"31,85"
2018-12-02,3009.0,3723.0,19,"21,5",24,0
2018-12-03,4142.0,4794.0,18,21,24,0
2018-12-04,3926.0,4484.0,16,22,28,0
2018-12-05,3912.0,4413.0,17,"23,5",30,0
2018-12-06,3579.0,3947.0,19,"23,5",28,0
2018-12-07,1463.0,1523.0,17,"20,5",24,"0,03"
2018-12-08,2976.0,3270.0,16,19,22,"0,1"
2018-12-09,3825.0,4320.0,12,"19,5",27,0
2018-12-10,4272.0,4537.0,14,"21,5",29,0
2018-12-11,4082.0,4493.0,17,24,31,0
2018-12-12,3636.0,4069.0,21,26,31,"1,5"
2018-12-13,3885.0,4343.0,20,"26,5",33,"13,6"
2018-12-14,1780.0,1975.0,22,28,34,0
2018-12-15,2324.0,2596.0,19,26,33,"1,05"
2018-12-16,3527.0,4110.0,20,26,32,"1,23"
2018-12-17,3494.0,4068.0,21,27,33,"0,18"
2018-12-18,3565.0,3891.0,22,"27,5",33,"18,1"
2018-12-19,3688.0,4179.0,22,"27,5",33,"6,23"
2018-12-20,3230.0,3650.0,21,"27,5",34,"0,08"
2018-12-21,1577.0,1638.0,22,27,32,"3,63"
2018-12-22,1793.0,1862.0,22,"27,5",33,"16,9"
2018-12-23,798.0,842.0,22,25,28,"15,43"
2018-12-24,823.0,856.0,21,"23,5",26,"7,6"
2018-12-25,2257.0,2648.0,20,23,26,"0,03"
2018-12-26,2371.0,2732.0,19,"23,5",28,"0,03"
2018-12-27,1943.0,2214.0,18,23,28,0
2018-12-28,1424.0,1617.0,19,24,29,"3,33"
2018-12-29,1992.0,2094.0,19,25,31,0
2018-12-30,896.0,964.0,20,"25,5",31,0
2018-12-31,700.0,769.0,20,"25,5",31,0
2019-01-01,1856.0,2294.0,21,26,31,"2,43"
2019-01-02,2137.0,2485.0,18,25,32,"1,9"
2019-01-03,1944.0,1801.0,23,28,33,"0,88"
2019-01-04,777.0,932.0,23,"26,5",30,"35,78"
2019-01-05,2794.0,2919.0,22,"24,5",27,"31,9"
2019-01-06,3097.0,3588.0,21,25,29,"0,63"
2019-01-07,3160.0,3365.0,22,27,32,"0,08"
2019-01-08,3389.0,3940.0,23,28,33,"0,68"
2019-01-09,3364.0,3766.0,22,28,34,0
2019-01-10,2960.0,3378.0,22,"27,5",33,"4,7"
2019-01-11,2119.0,2384.0,22,"27,5",33,"45,1"
2019-01-12,2892.0,3219.0,21,"26,5",32,0
2019-01-13,3256.0,3698.0,20,26,32,"1,08"
2019-01-14,3855.0,4275.0,22,"27,5",33,"4,98"
2019-01-15,3478.0,3924.0,22,"27,5",33,"0,73"
2019-01-16,3246.0,3259.0,24,29,34,"3,13"
2019-01-17,3377.0,3911.0,24,29,34,"1,43"
2019-01-18,1966.0,2184.0,22,"26,5",31,"9,18"
2019-01-19,2820.0,3154.0,22,27,32,"0,43"
2019-01-20,3352.0,3886.0,22,"25,5",29,"2,7"
2019-01-21,3378.0,3806.0,22,27,32,"0,1"
2019-01-22,3594.0,4095.0,22,"27,5",33,"12,68"
2019-01-23,3301.0,3899.0,22,"27,5",33,"2,13"
2019-01-24,1659.0,1841.0,21,27,33,"5,05"
2019-01-25,1704.0,1898.0,21,25,29,"26,15"
2019-01-26,2994.0,3265.0,20,"24,5",29,"1,03"
2019-01-27,3368.0,3997.0,20,26,32,"10,6"
2019-01-28,3814.0,4153.0,21,"26,5",32,0
2019-01-29,3643.0,3999.0,23,28,33,0
2019-01-30,3757.0,4204.0,22,28,34,"1,1"
2019-01-31,3461.0,4155.0,23,"28,5",34,"0,53"
2019-02-01,1870.0,2097.0,22,28,34,0
2019-02-02,2895.0,3165.0,23,29,35,0
2019-02-03,1845.0,2585.0,23,"26,5",30,"2,45"
2019-02-04,3623.0,4013.0,20,"22,5",25,"17,9"
2019-02-05,1162.0,1726.0,18,22,26,0
2019-02-06,3646.0,4125.0,20,"22,5",25,"31,68"
2019-02-07,3624.0,4254.0,19,23,27,0
2019-02-08,2049.0,2307.0,19,"23,5",28,0
2019-02-09,3123.0,3520.0,19,25,31,0
2019-02-10,3664.0,4272.0,20,26,32,0
2019-02-11,3330.0,3228.0,23,28,33,0
2019-02-12,2465.0,3096.0,24,"28,5",33,"39,95"
2019-02-13,3739.0,4151.0,18,20,22,"3,35"
2019-02-14,2858.0,2946.0,19,22,25,0
2019-02-15,581.0,716.0,20,23,26,"34,4"
2019-02-16,2076.0,2302.0,22,"22,5",23,"14,48"
2019-02-17,3596.0,4082.0,19,"22,5",26,"1,8"
2019-02-18,4103.0,4188.0,21,24,27,"0,05"
2019-02-19,3715.0,3858.0,21,26,31,0
2019-02-20,3240.0,2955.0,21,26,31,"7,75"
2019-02-21,2820.0,1613.0,21,"24,5",28,"20,08"
2019-02-22,821.0,1078.0,22,25,28,"11,25"
2019-02-23,1240.0,1646.0,23,27,31,"4,68"
2019-02-24,3003.0,3431.0,24,"28,5",33,"2,83"
2019-02-25,1726.0,2538.0,24,"28,5",33,"4,63"
2019-02-26,3411.0,3780.0,22,"24,5",27,"45,55"
2019-02-27,1601.0,2092.0,21,23,25,"1,38"
2019-02-28,2423.0,2760.0,21,"23,5",26,"12,93"
2019-03-01,578.0,735.0,21,24,27,"3,23"
2019-03-02,900.0,1425.0,21,24,27,"4,23"
2019-03-03,995.0,1065.0,21,25,29,"6,1"
2019-03-04,1341.0,1425.0,20,25,30,"14,93"
2019-03-05,1946.0,2033.0,21,26,31,"3,8"
2019-03-06,3061.0,3061.0,22,"26,5",31,"17,65"
2019-03-07,3482.0,3873.0,22,27,32,"27,88"
2019-03-08,1235.0,1261.0,23,28,33,"0,33"
2019-03-09,1754.0,1983.0,23,"27,5",32,"3,75"
2019-03-10,2637.0,2973.0,22,25,28,"20,93"
2019-03-11,3678.0,3602.0,21,"23,5",26,"19,28"
2019-03-12,3732.0,4133.0,20,"23,5",27,"1,03"
2019-03-13,3372.0,3357.0,22,26,30,"3,73"
2019-03-14,3234.0,3610.0,23,"27,5",32,"13,13"
2019-03-15,1745.0,1840.0,22,"24,5",27,"5,95"
2019-03-16,1993.0,2056.0,20,23,26,"3,63"
2019-03-17,3543.0,3816.0,22,"24,5",27,"21,18"
2019-03-18,3558.0,3653.0,22,26,30,"1,98"
2019-03-19,3637.0,4101.0,23,27,31,"4,25"
2019-03-20,1975.0,2378.0,22,24,26,"1,58"
2019-03-21,3306.0,3861.0,20,21,22,"4,28"
2019-03-22,1929.0,2142.0,17,"19,5",22,0
2019-03-23,2895.0,3092.0,15,21,27,0
2019-03-24,3602.0,4153.0,17,"23,5",30,0
2019-03-25,3904.0,4458.0,18,24,30,0
2019-03-26,3897.0,4182.0,20,24,28,0
2019-03-27,3528.0,3926.0,19,22,25,"4,33"
2019-03-28,3611.0,4147.0,19,22,25,"1,33"
2019-03-29,1766.0,2015.0,18,22,26,0
2019-03-30,2760.0,3052.0,17,"22,5",28,0
2019-03-31,3662.0,3992.0,17,23,29,"0,03"
2019-04-01,4164.0,4365.0,18,24,30,0
2019-04-02,3990.0,4339.0,19,"24,5",30,0
2019-04-03,4122.0,4468.0,19,24,29,0
2019-04-04,3935.0,4239.0,17,"23,5",30,0
2019-04-05,1378.0,1372.0,18,25,32,"0,35"
2019-04-06,1804.0,2035.0,19,24,29,"7,88"
2019-04-07,1264.0,1034.0,20,"23,5",27,"22,83"
2019-04-08,1829.0,2020.0,19,"21,5",24,"28,48"
2019-04-09,3330.0,3638.0,20,"21,5",23,"1,53"
2019-04-10,3771.0,4182.0,18,21,24,"0,08"
2019-04-11,3701.0,3989.0,17,21,25,0
2019-04-12,1913.0,2202.0,19,"23,5",28,0
2019-04-13,694.0,778.0,19,"24,5",30,0
2019-04-14,3613.0,3972.0,21,22,23,"27,45"
2019-04-15,3744.0,3937.0,19,22,25,0
2019-04-16,3717.0,4136.0,20,"22,5",25,"2,28"
2019-04-17,3777.0,4200.0,19,22,25,"0,1"
2019-04-18,2333.0,2507.0,17,"22,5",28,0
2019-04-19,1890.0,2092.0,17,23,29,0
2019-04-20,1849.0,2080.0,16,22,28,0
2019-04-21,3578.0,3681.0,16,"22,5",29,"1,33"
2019-04-22,3825.0,3848.0,19,24,29,0
2019-04-23,4022.0,4246.0,19,23,27,"1,43"
2019-04-24,3729.0,4113.0,19,"23,5",28,0
2019-04-25,3570.0,4088.0,20,"24,5",29,"0,2"
2019-04-26,1955.0,2228.0,19,"23,5",28,0
2019-04-27,2386.0,2563.0,21,25,29,0
2019-04-28,3531.0,3880.0,22,"25,5",29,"30,08"
2019-04-29,3866.0,4258.0,20,"22,5",25,"0,6"
2019-04-30,3248.0,3475.0,18,"21,5",25,0
2019-05-01,3812.0,4080.0,19,23,27,"0,68"
2019-05-02,3777.0,4151.0,18,23,28,"0,01"
2019-05-03,2035.0,2196.0,19,24,29,0
2019-05-04,2630.0,3048.0,20,25,30,0
2019-05-05,3618.0,4072.0,20,"24,5",29,"0,79"
2019-05-06,3582.0,3610.0,21,"25,5",30,"0,32"
2019-05-07,3681.0,3950.0,18,"21,5",25,"1,95"
2019-05-08,3740.0,3918.0,17,"19,5",22,"0,01"
2019-05-09,3753.0,3971.0,16,"20,5",25,"0,04"
2019-05-10,1656.0,1813.0,18,"22,5",27,"0,77"
2019-05-11,1493.0,1662.0,20,24,28,"4,5"
2019-05-12,3534.0,3883.0,21,"24,5",28,"3,07"
2019-05-13,3707.0,3609.0,21,23,25,"0,21"
2019-05-14,3463.0,3722.0,19,"22,5",26,"2,02"
2019-05-15,2703.0,2828.0,18,"21,5",25,"1,21"
2019-05-16,1936.0,2594.0,16,18,20,"11,68"
2019-05-17,673.0,814.0,15,17,19,"3,82"
2019-05-18,1986.0,2225.0,17,"19,5",22,"33,18"
2019-05-19,3456.0,3596.0,16,"19,5",23,"0,6"
2019-05-20,3701.0,4024.0,16,"20,5",25,"0,06"
2019-05-21,3795.0,3945.0,15,"20,5",26,0
2019-05-22,3761.0,4007.0,15,21,27,0
2019-05-23,2427.0,2725.0,15,"20,5",26,"1,73"
2019-05-24,1476.0,1659.0,14,"16,5",19,"3,31"
2019-05-25,2288.0,2501.0,11,16,21,0
2019-05-26,3451.0,3713.0,13,"16,5",20,0
2019-05-27,3877.0,4026.0,15,"20,5",26,0
2019-05-28,3478.0,3697.0,17,22,27,"0,11"
2019-05-29,3407.0,3268.0,19,"21,5",24,"37,15"
2019-05-30,3320.0,3550.0,19,"23,5",28,"9,26"
2019-05-31,1031.0,1153.0,19,23,27,"6,88"
2019-06-01,414.0,432.0,19,22,25,"10,23"
2019-06-02,1399.0,1996.0,17,19,21,"22,02"
2019-06-03,3084.0,2964.0,16,"17,5",19,"15,82"
2019-06-04,2460.0,2639.0,14,16,18,0
2019-06-05,3340.0,3427.0,11,15,19,0
2019-06-06,3295.0,3580.0,11,"15,5",20,0
2019-06-07,1452.0,1476.0,14,"18,5",23,0
2019-06-08,2023.0,2203.0,13,18,23,"1,98"
2019-06-09,3342.0,3407.0,12,17,22,"0,24"
2019-06-10,3519.0,3660.0,13,18,23,0
2019-06-11,3641.0,3781.0,13,19,25,0
2019-06-12,3667.0,3730.0,13,"19,5",26,0
2019-06-13,3434.0,3518.0,16,"21,5",27,"0,58"
2019-06-14,1677.0,1760.0,18,"22,5",27,0
2019-06-15,2612.0,2611.0,16,"21,5",27,0
2019-06-16,3441.0,3717.0,17,22,27,0
2019-06-17,3697.0,3764.0,17,22,27,0
2019-06-18,3618.0,3739.0,16,"20,5",25,0
2019-06-19,2258.0,2271.0,16,"20,5",25,0
2019-06-20,2033.0,2161.0,15,19,23,0
2019-06-21,1649.0,1660.0,15,"18,5",22,0
2019-06-22,2408.0,2552.0,14,"18,5",23,0
2019-06-23,3375.0,3660.0,15,"20,5",26,0
2019-06-24,3730.0,3966.0,13,19,25,0
2019-06-25,3693.0,3963.0,17,22,27,0
2019-06-26,3568.0,3725.0,17,"22,5",28,0
2019-06-27,3492.0,3751.0,18,22,26,"1,91"
2019-06-28,1729.0,1794.0,18,23,28,0
2019-06-29,2601.0,2733.0,19,24,29,0
2019-06-30,3483.0,3582.0,17,"21,5",26,0
2019-07-01,3656.0,3848.0,16,"21,5",27,0
2019-07-02,3470.0,3816.0,17,22,27,0
2019-07-03,631.0,630.0,15,"21,5",28,"0,01"
2019-07-04,1283.0,1638.0,1,4,7,"83,26"
2019-07-05,1016.0,1058.0,12,"13,5",15,"35,9"
2019-07-06,886.0,977.0,7,"10,5",14,0
2019-07-07,1782.0,1860.0,7,11,15,0
2019-07-08,1930.0,2164.0,8,"13,5",19,0
2019-07-09,2907.0,2971.0,10,"15,5",21,0
2019-07-10,3100.0,3311.0,10,"15,5",21,0
2019-07-11,2974.0,3119.0,10,"15,5",21,0
2019-07-12,1630.0,1616.0,10,"16,5",23,0
2019-07-13,2431.0,2491.0,12,18,24,0
2019-07-14,3077.0,3241.0,13,19,25,0
2019-07-15,2715.0,2733.0,15,"19,5",24,"1,87"
2019-07-16,2724.0,2775.0,11,"15,5",20,"15,39"
2019-07-17,3029.0,3074.0,9,"12,5",16,"0,06"
2019-07-18,2853.0,3065.0,9,"13,5",18,0
2019-07-19,1580.0,1655.0,11,16,21,0
2019-07-20,2383.0,2432.0,11,"16,5",22,"0,05"
2019-07-21,3036.0,3192.0,11,"16,5",22,0
2019-07-22,3516.0,3514.0,12,"18,5",25,"0,16"
2019-07-23,3467.0,3538.0,15,21,27,"0,91"
2019-07-24,3318.0,3411.0,14,"20,5",27,0
2019-07-25,3233.0,3378.0,15,20,25,"0,66"
2019-07-26,1937.0,1905.0,15,"20,5",26,0
2019-07-27,2280.0,2261.0,12,19,26,0
2019-07-28,3266.0,3551.0,16,"18,5",21,0
2019-07-29,3471.0,3381.0,14,"19,5",25,0
2019-07-30,3634.0,3743.0,12,19,26,"3,12"
2019-07-31,3670.0,3904.0,11,18,25,"0,14"
2019-08-01,3283.0,3249.0,12,20,28,0
2019-08-02,737.0,816.0,15,22,29,"1,57"
2019-08-03,817.0,872.0,11,14,17,"1,06"
2019-08-04,2875.0,2929.0,9,11,13,"4,28"
2019-08-05,3580.0,3689.0,11,"13,5",16,"0,13"
2019-08-06,3832.0,3855.0,12,"17,5",23,"0,01"
2019-08-07,3838.0,4044.0,15,20,25,"0,02"
2019-08-08,3470.0,3910.0,14,"20,5",27,0
2019-08-09,1715.0,1815.0,15,21,27,0
2019-08-10,1709.0,1798.0,15,22,29,0
2019-08-11,3697.0,3851.0,15,19,23,0
2019-08-12,3560.0,3362.0,15,"22,5",30,0
2019-08-13,2666.0,2746.0,14,"17,5",21,0
2019-08-14,3585.0,3856.0,11,14,17,"0,03"
2019-08-15,3500.0,3808.0,9,14,19,0
2019-08-16,1811.0,1890.0,10,17,24,0
2019-08-17,2603.0,2658.0,11,"18,5",26,0
2019-08-18,2587.0,2451.0,13,21,29,0
2019-08-19,2906.0,3141.0,17,"19,5",22,"7,49"
2019-08-20,3417.0,3476.0,14,"15,5",17,0
2019-08-21,3445.0,3662.0,13,16,19,0
2019-08-22,3231.0,3468.0,13,"15,5",18,0
2019-08-23,1219.0,1279.0,13,16,19,"0,57"
2019-08-24,1872.0,2017.0,13,"16,5",20,0
2019-08-25,3530.0,3664.0,13,16,19,0
2019-08-26,3883.0,3912.0,12,18,24,"1,01"
2019-08-27,3704.0,3898.0,13,19,25,"0,95"
2019-08-28,3973.0,4102.0,14,19,24,"0,28"
2019-08-29,3836.0,3978.0,15,20,25,"0,01"
2019-08-30,1788.0,1708.0,15,22,29,0
2019-08-31,861.0,961.0,18,"24,5",31,"0,17"
2019-09-01,2435.0,2664.0,16,22,28,"96,47"
2019-09-02,2992.0,2578.0,15,"18,5",22,"30,69"
2019-09-03,3110.0,3107.0,15,"20,5",26,"2,24"
2019-09-04,2466.0,2640.0,15,17,19,"0,13"
2019-09-05,3121.0,3043.0,14,"15,5",17,"1,79"
2019-09-06,1747.0,1916.0,12,"15,5",19,"7,9"
2019-09-07,2605.0,2761.0,15,"21,5",28,"1,62"
2019-09-08,3636.0,4024.0,15,"22,5",30,0
2019-09-09,4075.0,4273.0,15,"22,5",30,0
2019-09-10,4022.0,4060.0,18,25,32,0
2019-09-11,4020.0,4081.0,18,26,34,0
2019-09-12,3406.0,3655.0,19,"26,5",34,0
2019-09-13,1672.0,1775.0,17,19,21,0
2019-09-14,2566.0,2661.0,16,"20,5",25,0
2019-09-15,3653.0,3891.0,17,24,31,0
2019-09-16,4183.0,4346.0,19,"25,5",32,0
2019-09-17,3967.0,4246.0,20,27,34,0
2019-09-18,3896.0,3899.0,19,27,35,0
2019-09-19,3279.0,3611.0,17,"24,5",32,"3,42"
2019-09-20,1364.0,1411.0,20,23,26,"16,49"
2019-09-21,1148.0,1228.0,17,"18,5",20,"3,19"
2019-09-22,2898.0,2996.0,15,16,17,0
2019-09-23,3793.0,3792.0,12,"14,5",17,0
2019-09-24,3255.0,3069.0,12,"16,5",21,"0,09"
2019-09-25,3385.0,3482.0,14,17,20,"8,19"
2019-09-26,3407.0,3537.0,15,18,21,"5,89"
2019-09-27,1324.0,1335.0,15,"18,5",22,0
2019-09-28,2533.0,2514.0,15,18,21,0
2019-09-29,3692.0,3697.0,14,"17,5",21,0
2019-09-30,3955.0,4101.0,15,21,27,0
2019-10-01,3977.0,3994.0,16,23,30,0
2019-10-02,3996.0,3986.0,19,26,33,0
2019-10-03,3716.0,3813.0,17,"22,5",28,"0,01"
2019-10-04,1605.0,1670.0,13,"21,5",30,0
2019-10-05,2030.0,2127.0,17,25,33,0
2019-10-06,3299.0,2948.0,18,22,26,0
2019-10-07,3002.0,2515.0,17,19,21,"2,06"
2019-10-08,3122.0,3346.0,17,"18,5",20,"3,66"
2019-10-09,3794.0,3917.0,16,"18,5",21,"8,16"
2019-10-10,3572.0,3850.0,16,"20,5",25,"0,56"
2019-10-11,1678.0,1848.0,17,24,31,"0,32"
2019-10-12,2201.0,2378.0,18,25,32,0
2019-10-13,3589.0,3551.0,20,27,34,0
2019-10-14,3728.0,3736.0,20,"26,5",33,0
2019-10-15,3737.0,3672.0,19,23,27,0
2019-10-16,3768.0,3696.0,18,23,28,0
2019-10-17,3370.0,3320.0,19,24,29,0
2019-10-18,1532.0,1589.0,16,20,24,"3,56"
2019-10-19,1617.0,1728.0,18,23,28,"0,11"
2019-10-20,3227.0,3175.0,14,"17,5",21,0
2019-10-21,3919.0,3867.0,14,"18,5",23,7
2019-10-22,3849.0,3707.0,16,"19,5",23,2
2019-10-23,3930.0,3745.0,15,19,23,1
2019-10-24,3736.0,3697.0,17,23,29,3
2019-10-25,1577.0,1617.0,17,"23,5",30,2
2019-10-26,2411.0,2574.0,18,24,30,1
2019-10-27,3352.0,3519.0,17,25,33,2
2019-10-28,3976.0,3954.0,19,26,33,10
2019-10-29,3792.0,3862.0,20,"25,5",31,6
2019-10-30,3807.0,3543.0,20,"25,5",31,1
2019-10-31,3621.0,3573.0,20,27,34,1
2019-11-01,1731.0,1774.0,20,23,26,1
2019-11-02,2247.0,2262.0,19,"24,5",30,2
2019-11-03,3581.0,3537.0,19,"25,5",32,1
2019-11-04,3340.0,2171.0,20,27,34,0
2019-11-05,2993.0,3128.0,23,"28,5",34,8
2019-11-06,3348.0,3229.0,18,20,22,18
2019-11-07,3238.0,3118.0,18,"22,5",27,5
2019-11-08,1473.0,1587.0,19,22,25,8
2019-11-09,1655.0,1722.0,19,22,25,5
2019-11-10,3306.0,3283.0,20,"22,5",25,"17,58"
2019-11-11,3715.0,3739.0,19,"20,5",22,"0,68"
2019-11-12,3634.0,3466.0,18,"21,5",25,2
2019-11-13,2508.0,2592.0,17,"22,5",28,3
2019-11-14,604.0,713.0,19,22,25,11
2019-11-15,1515.0,1653.0,16,20,24,2
2019-11-16,2289.0,2424.0,16,"20,5",25,0
2019-11-17,3231.0,3224.0,14,20,26,0
2019-11-18,3587.0,3387.0,15,20,25,0
2019-11-19,2236.0,2270.0,17,"21,5",26,2
2019-11-20,3666.0,3556.0,18,"22,5",27,3
2019-11-21,3330.0,3489.0,18,24,30,3
2019-11-22,1287.0,1403.0,18,"24,5",31,10
2019-11-23,1462.0,1656.0,19,"23,5",28,15
2019-11-24,3512.0,3506.0,15,18,21,5
2019-11-25,3807.0,3678.0,14,"18,5",23,0
2019-11-26,3141.0,2337.0,14,22,30,0
2019-11-27,1915.0,2223.0,19,25,31,35
2019-11-28,3605.0,3622.0,16,"19,5",23,32
2019-11-29,1542.0,1635.0,15,18,21,0
2019-11-30,1791.0,1933.0,16,"21,5",27,0
2019-12-01,2806.0,2854.0,17,"23,5",30,2
2019-12-02,3802.0,3548.0,15,18,21,5
2019-12-03,3481.0,3412.0,15,"20,5",26,0
2019-12-04,3173.0,2842.0,16,22,28,3
2019-12-05,3045.0,3098.0,16,"21,5",27,20
2019-12-06,1695.0,1670.0,17,"19,5",22,26
2019-12-07,2242.0,2344.0,15,"20,5",26,0
2019-12-08,3353.0,3059.0,15,22,29,0
2019-12-09,3014.0,2500.0,17,"22,5",28,15
2019-12-10,2908.0,2093.0,18,22,26,15
2019-12-11,3507.0,3687.0,19,22,25,12
2019-12-12,3155.0,3200.0,20,"23,5",27,40
2019-12-13,1248.0,1335.0,20,"24,5",29,15
2019-12-14,2076.0,2176.0,19,"22,5",26,6
2019-12-15,3491.0,3579.0,19,"23,5",28,2
2019-12-16,3475.0,3339.0,20,26,32,2
2019-12-17,2311.0,2474.0,23,"26,5",30,25
2019-12-18,3264.0,3254.0,19,21,23,14
2019-12-19,3074.0,3126.0,18,"21,5",25,8
2019-12-20,1379.0,1473.0,19,23,27,9
2019-12-21,1638.0,1784.0,20,25,30,7
2019-12-22,1586.0,1201.0,21,24,27,24
2019-12-23,1210.0,1248.0,19,"21,5",24,15
2019-12-24,784.0,852.0,18,23,28,3
2019-12-25,2176.0,2185.0,17,24,31,0
2019-12-26,2039.0,1901.0,23,"31,5",40,0
2019-12-27,1259.0,1316.0,19,25,31,0
2019-12-28,1667.0,1759.0,19,"24,5",30,1
2019-12-29,1274.0,1252.0,25,"32,5",40,0
2019-12-30,735.0,844.0,25,27,29,0
2019-12-31,568.0,606.0,21,"25,5",30,0
2020-01-01,1192.0,985.0,21,"26,5",32,"9,07"
2020-01-02,1496.0,1498.0,21,"24,5",28,"30,96"
2020-01-03,893.0,917.0,19,22,25,"29,7"
2020-01-04,1528.0,1658.0,18,22,26,"0,4"
2020-01-05,2940.0,2835.0,18,"22,5",27,"5,69"
2020-01-06,3078.0,3062.0,19,"23,5",28,"5,03"
2020-01-07,2726.0,2212.0,20,"25,5",31,"4,59"
2020-01-08,2947.0,2633.0,21,26,31,"57,08"
2020-01-09,3005.0,3004.0,21,"25,5",30,"27,71"
2020-01-10,1498.0,1552.0,22,"25,5",29,"1,29"
2020-01-11,1557.0,1578.0,22,"25,5",29,"44,04"
2020-01-12,2800.0,2591.0,22,26,30,"0,43"
2020-01-13,3259.0,3231.0,20,23,26,"0,64"
2020-01-14,3307.0,3359.0,19,23,27,"0,66"
2020-01-15,2767.0,2668.0,18,"23,5",29,0
2020-01-16,2332.0,2293.0,22,"27,5",33,"9,81"
2020-01-17,1454.0,1531.0,17,20,23,"40,62"
2020-01-18,1886.0,1979.0,19,21,23,"0,77"
2020-01-19,3098.0,3064.0,18,"21,5",25,"0,11"
2020-01-20,3434.0,3452.0,18,22,26,0
2020-01-21,3262.0,2935.0,17,"21,5",26,"0,09"
2020-01-22,2326.0,2308.0,17,22,27,"2,27"
2020-01-23,1808.0,2073.0,17,"24,5",32,"15,71"
2020-01-24,1643.0,1783.0,17,21,25,"2,31"
2020-01-25,2353.0,2489.0,17,"22,5",28,0
2020-01-26,3113.0,3183.0,16,"23,5",31,0
2020-01-27,3326.0,2921.0,16,24,32,"1,23"
2020-01-28,3520.0,3401.0,17,25,33,"0,02"
2020-01-29,2881.0,1656.0,19,"25,5",32,"14,68"
2020-01-30,2967.0,2990.0,21,"26,5",32,"22,78"
2020-01-31,1021.0,1089.0,22,"26,5",31,"1,36"
2020-02-01,1392.0,1458.0,22,25,28,"30,69"
2020-02-02,1691.0,1342.0,18,"22,5",27,"33,45"
2020-02-03,2749.0,2770.0,22,"22,5",23,"19,16"
2020-02-04,2983.0,2824.0,19,"22,5",26,"1,91"
2020-02-05,3187.0,3031.0,20,23,26,"2,56"
2020-02-06,3182.0,3152.0,20,25,30,"0,16"
2020-02-07,1500.0,1566.0,22,"29,5",37,"8,39"
2020-02-08,2026.0,2184.0,18,24,30,"7,08"
2020-02-09,888.0,1170.0,19,24,29,"6,14"
2020-02-10,2012.0,2388.0,18,20,22,"55,79"
2020-02-11,2748.0,2681.0,18,19,20,"0,84"
2020-02-12,3235.0,3347.0,17,20,23,0
2020-02-13,3403.0,3455.0,17,20,23,0
2020-02-14,1306.0,1528.0,18,"24,5",31,0
2020-02-15,1550.0,1702.0,17,23,29,0
2020-02-16,3373.0,3333.0,23,"24,5",26,0
2020-02-17,3452.0,3222.0,19,"25,5",32,0
2020-02-18,3211.0,2713.0,20,26,32,"5,09"
2020-02-19,3267.0,3084.0,21,27,33,"20,41"
2020-02-20,2445.0,2436.0,21,26,31,"7,82"
2020-02-21,647.0,804.0,20,22,24,"7,61"
2020-02-22,1071.0,1152.0,18,21,24,0
2020-02-23,829.0,840.0,17,20,23,0
2020-02-24,1099.0,1167.0,17,"21,5",26,"8,13"
2020-02-25,1025.0,1061.0,19,"23,5",28,"14,9"
2020-02-26,1885.0,2072.0,18,"22,5",27,"26,23"
2020-02-27,2526.0,2414.0,15,"18,5",22,"7,36"
2020-02-28,855.0,951.0,15,19,23,0
2020-02-29,1100.0,1139.0,17,"19,5",22,0
2020-03-01,2688.0,1947.0,16,24,32,"0,19"
2020-03-02,2724.0,2894.0,18,20,22,"2,31"
2020-03-03,3376.0,3299.0,18,21,24,"2,31"
2020-03-04,3422.0,3467.0,16,25,34,0
2020-03-05,3476.0,3391.0,16,"25,5",35,0
2020-03-06,1582.0,1760.0,17,"21,5",26,0
2020-03-07,1803.0,1749.0,16,"21,5",27,0
2020-03-08,3368.0,3482.0,18,"19,5",21,"3,59"
2020-03-09,3771.0,3728.0,19,24,29,0
2020-03-10,3637.0,3516.0,19,24,29,0
2020-03-11,3573.0,3357.0,18,23,28,0
2020-03-12,3190.0,3188.0,18,24,30,0
2020-03-13,1644.0,1718.0,18,24,30,0
2020-03-14,2153.0,2235.0,18,25,32,0
2020-03-15,2506.0,2316.0,20,26,32,0
2020-03-16,1812.0,1829.0,20,26,32,"0,64"
2020-03-17,1751.0,1777.0,22,"26,5",31,"25,65"
2020-03-18,1312.0,1338.0,20,25,30,0
2020-03-19,1159.0,1097.0,20,25,30,"1,26"
2020-03-20,995.0,1106.0,19,"22,5",26,"9,33"
2020-03-21,1452.0,1544.0,14,"26,5",39,0
2020-03-22,886.0,922.0,15,24,33,0
2020-03-23,930.0,1015.0,17,"24,5",32,0
2020-03-24,1019.0,1114.0,18,22,26,0
2020-03-25,1142.0,1211.0,16,"21,5",27,0
2020-03-26,1229.0,1300.0,15,21,27,0
2020-03-27,1588.0,1679.0,15,"21,5",28,0
2020-03-28,1329.0,1458.0,17,23,29,"0,04"
2020-03-29,963.0,1036.0,18,23,28,"18,29"
2020-03-30,1189.0,1365.0,18,23,28,"12,21"
2020-03-31,1366.0,1431.0,20,"24,5",29,"0,01"
2020-04-01,1299.0,1419.0,18,23,28,0
2020-04-02,1043.0,1168.0,17,24,31,"0,09"
2020-04-03,2011.0,2159.0,14,21,28,"0,02"
2020-04-04,2068.0,2263.0,13,"18,5",24,0
2020-04-05,1123.0,1241.0,14,"20,5",27,0
2020-04-06,864.0,961.0,15,23,31,"0,52"
2020-04-07,966.0,1065.0,15,20,25,"3,27"
2020-04-08,1308.0,1408.0,14,"17,5",21,0
2020-04-09,1595.0,1854.0,14,"17,5",21,0
2020-04-10,1524.0,1698.0,10,"18,5",27,0
2020-04-11,1463.0,1620.0,14,"19,5",25,"0,01"
2020-04-12,1121.0,1192.0,12,20,28,0
2020-04-13,1109.0,1189.0,15,"19,5",24,0
2020-04-14,1274.0,1338.0,17,"21,5",26,"1,19"
2020-04-15,1254.0,1401.0,16,"19,5",23,"4,42"
2020-04-16,1086.0,1250.0,15,"19,5",24,"0,01"
2020-04-17,1717.0,1833.0,15,"18,5",22,0
2020-04-18,2046.0,2251.0,15,19,23,0
2020-04-19,1200.0,1234.0,17,20,23,0
2020-04-20,2250.0,2421.0,15,20,25,0
2020-04-21,1190.0,1250.0,14,"20,5",27,0
2020-04-22,1453.0,1585.0,14,22,30,"0,02"
2020-04-23,1199.0,1295.0,16,21,26,0
2020-04-24,2088.0,2212.0,16,"21,5",27,0
2020-04-25,2385.0,2687.0,15,"22,5",30,0
2020-04-26,1294.0,1373.0,16,"22,5",29,0
2020-04-27,1407.0,1607.0,14,21,28,0
2020-04-28,1328.0,1532.0,15,21,27,0
2020-04-29,1200.0,1441.0,15,"20,5",26,0
2020-04-30,1965.0,2217.0,15,21,27,"0,26"
2020-05-01,1463.0,1667.0,16,"21,5",27,0
2020-05-02,1882.0,2172.0,16,"20,5",25,0
2020-05-03,991.0,1113.0,13,"16,5",20,0
2020-05-04,1228.0,1330.0,13,18,23,0
2020-05-05,848.0,954.0,13,19,25,"0,15"
2020-05-06,584.0,619.0,6,"12,5",19,"3,14"
2020-05-07,934.0,975.0,14,16,18,"0,47"
2020-05-08,1776.0,1957.0,12,16,20,0
2020-05-09,1442.0,1657.0,5,"15,5",26,0
2020-05-10,1196.0,1256.0,13,"18,5",24,0
2020-05-11,1396.0,1507.0,13,18,23,0
2020-05-12,1220.0,1282.0,13,19,25,0
2020-05-13,816.0,873.0,13,20,27,"2,75"
2020-05-14,928.0,1016.0,15,18,21,"0,75"
2020-05-15,2056.0,2343.0,15,16,17,"0,32"
2020-05-16,2242.0,2541.0,6,15,24,0
2020-05-17,1089.0,1128.0,8,"15,5",23,0
2020-05-18,1273.0,1334.0,11,18,25,0
2020-05-19,1501.0,1663.0,8,17,26,0
2020-05-20,1576.0,1670.0,16,"19,5",23,0
2020-05-21,1229.0,1342.0,15,"20,5",26,0
2020-05-22,1095.0,1199.0,11,"12,5",14,"0,54"
2020-05-23,1363.0,1542.0,16,"19,5",23,"6,95"
2020-05-24,1245.0,1411.0,11,15,19,"0,98"
2020-05-25,1098.0,1106.0,7,12,17,0
2020-05-26,1177.0,1235.0,10,"15,5",21,"0,22"
2020-05-27,1145.0,1254.0,8,"13,5",19,0
2020-05-28,1177.0,1156.0,10,16,22,0
2020-05-29,2042.0,2155.0,7,"16,5",26,0
2020-05-30,2468.0,2635.0,8,14,20,0
2020-05-31,1118.0,1145.0,7,"11,5",16,0
2020-06-01,582.0,605.0,11,"18,5",26,0
2020-06-02,1002.0,1136.0,12,17,22,"3,62"
2020-06-03,909.0,995.0,15,17,19,"2,19"
2020-06-04,880.0,994.0,16,"18,5",21,4
2020-06-05,1788.0,1997.0,16,19,22,"4,15"
2020-06-06,2472.0,2937.0,17,19,21,"2,96"
2020-06-07,1207.0,1277.0,16,"19,5",23,"22,11"
2020-06-08,1318.0,1432.0,14,20,26,0
2020-06-09,1269.0,1424.0,17,22,27,"0,03"
2020-06-10,1891.0,2084.0,18,23,28,"2,46"
2020-06-11,1354.0,1531.0,18,23,28,"0,06"
2020-06-12,2527.0,2804.0,20,"24,5",29,0
2020-06-13,1082.0,1254.0,20,"24,5",29,0
2020-06-14,1089.0,1164.0,14,"17,5",21,0
2020-06-15,1414.0,1563.0,14,"16,5",19,0
2020-06-16,1487.0,1624.0,16,"19,5",23,0
2020-06-17,1544.0,1741.0,16,"19,5",23,0
2020-06-18,1517.0,1590.0,15,"18,5",22,0
2020-06-19,2603.0,2904.0,17,21,25,0
2020-06-20,3099.0,3215.0,13,20,27,0
2020-06-21,1360.0,1494.0,14,"20,5",27,0
2020-06-22,1641.0,1808.0,15,"20,5",26,0
2020-06-23,1541.0,1748.0,15,"21,5",28,0
